-- =============================================================================
-- Seed: FIFA World Cup 2026 (48 teams, 104 matches, 105 polls)
-- Prerequisite: migrate-v1-to-v2.sql
-- Run in: Supabase Dashboard → SQL Editor
--
-- Idempotent: safe to re-run (upserts). Does NOT delete UCL votes.
-- Generated by _gen_seed_wc2026.py — edit source and regenerate if schedule changes.
-- =============================================================================

begin;

-- Only one featured event at a time
update public.events set is_featured = false where id <> 'wc-2026';

insert into public.events (
  id, slug, title, subtitle, kind, starts_at, ends_at, is_featured
)
values (
  'wc-2026',
  'world-cup-2026',
  'FIFA World Cup 2026',
  'USA · Mexico · Canada · 11 June — 19 July',
  'national',
  timestamptz '2026-06-11 19:00:00+00',
  timestamptz '2026-07-19 19:00:00+00',
  true
)
on conflict (id) do update set
  slug = excluded.slug,
  title = excluded.title,
  subtitle = excluded.subtitle,
  starts_at = excluded.starts_at,
  ends_at = excluded.ends_at,
  is_featured = excluded.is_featured;

-- Tournament winner poll (48 teams)
insert into public.polls (
  id, event_id, match_id, poll_type, title, opens_at, closes_at, archived_at, winner_choice_id
)
values (
  'wc-2026-winner',
  'wc-2026',
  null,
  'event_winner',
  'Who will win the FIFA World Cup 2026?',
  timestamptz '2026-05-01 00:00:00+00',
  timestamptz '2026-07-19 21:00:00+00',
  null,
  null
)
on conflict (id) do update set
  event_id = excluded.event_id,
  poll_type = excluded.poll_type,
  title = excluded.title,
  opens_at = excluded.opens_at,
  closes_at = excluded.closes_at,
  archived_at = coalesce(public.polls.archived_at, excluded.archived_at),
  winner_choice_id = coalesce(public.polls.winner_choice_id, excluded.winner_choice_id);

insert into public.poll_choices (poll_id, id, label, meta, sort_order)
values
  ('wc-2026-winner', 'alg', 'Algeria', '{"short": "ALG", "flag": "🇩🇿"}'::jsonb, 1),
  ('wc-2026-winner', 'arg', 'Argentina', '{"short": "ARG", "flag": "🇦🇷"}'::jsonb, 2),
  ('wc-2026-winner', 'aus', 'Australia', '{"short": "AUS", "flag": "🇦🇺"}'::jsonb, 3),
  ('wc-2026-winner', 'aut', 'Austria', '{"short": "AUT", "flag": "🇦🇹"}'::jsonb, 4),
  ('wc-2026-winner', 'bel', 'Belgium', '{"short": "BEL", "flag": "🇧🇪"}'::jsonb, 5),
  ('wc-2026-winner', 'bih', 'Bosnia and Herzegovina', '{"short": "BIH", "flag": "🇧🇦"}'::jsonb, 6),
  ('wc-2026-winner', 'bra', 'Brazil', '{"short": "BRA", "flag": "🇧🇷"}'::jsonb, 7),
  ('wc-2026-winner', 'can', 'Canada', '{"short": "CAN", "flag": "🇨🇦"}'::jsonb, 8),
  ('wc-2026-winner', 'cpv', 'Cape Verde', '{"short": "CPV", "flag": "🇨🇻"}'::jsonb, 9),
  ('wc-2026-winner', 'col', 'Colombia', '{"short": "COL", "flag": "🇨🇴"}'::jsonb, 10),
  ('wc-2026-winner', 'cro', 'Croatia', '{"short": "CRO", "flag": "🇭🇷"}'::jsonb, 11),
  ('wc-2026-winner', 'cuw', 'Curaçao', '{"short": "CUW", "flag": "🇨🇼"}'::jsonb, 12),
  ('wc-2026-winner', 'cze', 'Czechia', '{"short": "CZE", "flag": "🇨🇿"}'::jsonb, 13),
  ('wc-2026-winner', 'cod', 'DR Congo', '{"short": "COD", "flag": "🇨🇩"}'::jsonb, 14),
  ('wc-2026-winner', 'ecu', 'Ecuador', '{"short": "ECU", "flag": "🇪🇨"}'::jsonb, 15),
  ('wc-2026-winner', 'egy', 'Egypt', '{"short": "EGY", "flag": "🇪🇬"}'::jsonb, 16),
  ('wc-2026-winner', 'eng', 'England', '{"short": "ENG", "flag": "🏴"}'::jsonb, 17),
  ('wc-2026-winner', 'fra', 'France', '{"short": "FRA", "flag": "🇫🇷"}'::jsonb, 18),
  ('wc-2026-winner', 'ger', 'Germany', '{"short": "GER", "flag": "🇩🇪"}'::jsonb, 19),
  ('wc-2026-winner', 'gha', 'Ghana', '{"short": "GHA", "flag": "🇬🇭"}'::jsonb, 20),
  ('wc-2026-winner', 'hti', 'Haiti', '{"short": "HTI", "flag": "🇭🇹"}'::jsonb, 21),
  ('wc-2026-winner', 'irn', 'Iran', '{"short": "IRN", "flag": "🇮🇷"}'::jsonb, 22),
  ('wc-2026-winner', 'irq', 'Iraq', '{"short": "IRQ", "flag": "🇮🇶"}'::jsonb, 23),
  ('wc-2026-winner', 'civ', 'Ivory Coast', '{"short": "CIV", "flag": "🇨🇮"}'::jsonb, 24),
  ('wc-2026-winner', 'jpn', 'Japan', '{"short": "JPN", "flag": "🇯🇵"}'::jsonb, 25),
  ('wc-2026-winner', 'jor', 'Jordan', '{"short": "JOR", "flag": "🇯🇴"}'::jsonb, 26),
  ('wc-2026-winner', 'mex', 'Mexico', '{"short": "MEX", "flag": "🇲🇽"}'::jsonb, 27),
  ('wc-2026-winner', 'mar', 'Morocco', '{"short": "MAR", "flag": "🇲🇦"}'::jsonb, 28),
  ('wc-2026-winner', 'ned', 'Netherlands', '{"short": "NED", "flag": "🇳🇱"}'::jsonb, 29),
  ('wc-2026-winner', 'nzl', 'New Zealand', '{"short": "NZL", "flag": "🇳🇿"}'::jsonb, 30),
  ('wc-2026-winner', 'nor', 'Norway', '{"short": "NOR", "flag": "🇳🇴"}'::jsonb, 31),
  ('wc-2026-winner', 'pan', 'Panama', '{"short": "PAN", "flag": "🇵🇦"}'::jsonb, 32),
  ('wc-2026-winner', 'par', 'Paraguay', '{"short": "PAR", "flag": "🇵🇾"}'::jsonb, 33),
  ('wc-2026-winner', 'por', 'Portugal', '{"short": "POR", "flag": "🇵🇹"}'::jsonb, 34),
  ('wc-2026-winner', 'qat', 'Qatar', '{"short": "QAT", "flag": "🇶🇦"}'::jsonb, 35),
  ('wc-2026-winner', 'ksa', 'Saudi Arabia', '{"short": "KSA", "flag": "🇸🇦"}'::jsonb, 36),
  ('wc-2026-winner', 'sco', 'Scotland', '{"short": "SCO", "flag": "🏴"}'::jsonb, 37),
  ('wc-2026-winner', 'sen', 'Senegal', '{"short": "SEN", "flag": "🇸🇳"}'::jsonb, 38),
  ('wc-2026-winner', 'rsa', 'South Africa', '{"short": "RSA", "flag": "🇿🇦"}'::jsonb, 39),
  ('wc-2026-winner', 'kor', 'South Korea', '{"short": "KOR", "flag": "🇰🇷"}'::jsonb, 40),
  ('wc-2026-winner', 'esp', 'Spain', '{"short": "ESP", "flag": "🇪🇸"}'::jsonb, 41),
  ('wc-2026-winner', 'swe', 'Sweden', '{"short": "SWE", "flag": "🇸🇪"}'::jsonb, 42),
  ('wc-2026-winner', 'sui', 'Switzerland', '{"short": "SUI", "flag": "🇨🇭"}'::jsonb, 43),
  ('wc-2026-winner', 'tun', 'Tunisia', '{"short": "TUN", "flag": "🇹🇳"}'::jsonb, 44),
  ('wc-2026-winner', 'tur', 'Türkiye', '{"short": "TUR", "flag": "🇹🇷"}'::jsonb, 45),
  ('wc-2026-winner', 'usa', 'United States', '{"short": "USA", "flag": "🇺🇸"}'::jsonb, 46),
  ('wc-2026-winner', 'uru', 'Uruguay', '{"short": "URU", "flag": "🇺🇾"}'::jsonb, 47),
  ('wc-2026-winner', 'uzb', 'Uzbekistan', '{"short": "UZB", "flag": "🇺🇿"}'::jsonb, 48)
on conflict (poll_id, id) do update set
  label = excluded.label,
  meta = excluded.meta,
  sort_order = excluded.sort_order;

insert into public.matches (
  id, event_id, stage, group_code, round_label,
  home_team_id, away_team_id, kickoff_at, venue, sort_order
)
values
('wc26-m001', 'wc-2026', 'group', 'A', 'Group A', 'mex', 'rsa', timestamptz '2026-06-11T19:00:00Z', 'Mexico City Stadium', 1),
('wc26-m002', 'wc-2026', 'group', 'A', 'Group A', 'kor', 'cze', timestamptz '2026-06-12T02:00:00Z', 'Estadio Guadalajara', 2),
('wc26-m003', 'wc-2026', 'group', 'A', 'Group A', 'cze', 'rsa', timestamptz '2026-06-18T16:00:00Z', 'Mercedes-Benz Stadium, Atlanta', 3),
('wc26-m004', 'wc-2026', 'group', 'A', 'Group A', 'mex', 'kor', timestamptz '2026-06-19T01:00:00Z', 'Estadio Guadalajara', 4),
('wc26-m005', 'wc-2026', 'group', 'A', 'Group A', 'cze', 'mex', timestamptz '2026-06-25T01:00:00Z', 'Mexico City Stadium', 5),
('wc26-m006', 'wc-2026', 'group', 'A', 'Group A', 'rsa', 'kor', timestamptz '2026-06-25T01:00:00Z', 'Estadio Monterrey', 6),
('wc26-m007', 'wc-2026', 'group', 'B', 'Group B', 'can', 'bih', timestamptz '2026-06-12T19:00:00Z', 'BMO Field, Toronto', 7),
('wc26-m008', 'wc-2026', 'group', 'B', 'Group B', 'qat', 'sui', timestamptz '2026-06-13T19:00:00Z', 'Levi''s Stadium, Santa Clara', 8),
('wc26-m009', 'wc-2026', 'group', 'B', 'Group B', 'bih', 'sui', timestamptz '2026-06-18T19:00:00Z', 'SoFi Stadium, Inglewood', 9),
('wc26-m010', 'wc-2026', 'group', 'B', 'Group B', 'can', 'qat', timestamptz '2026-06-18T22:00:00Z', 'BC Place, Vancouver', 10),
('wc26-m011', 'wc-2026', 'group', 'B', 'Group B', 'sui', 'can', timestamptz '2026-06-24T19:00:00Z', 'BC Place, Vancouver', 11),
('wc26-m012', 'wc-2026', 'group', 'B', 'Group B', 'bih', 'qat', timestamptz '2026-06-24T19:00:00Z', 'Lumen Field, Seattle', 12),
('wc26-m013', 'wc-2026', 'group', 'C', 'Group C', 'bra', 'mar', timestamptz '2026-06-13T22:00:00Z', 'MetLife Stadium, East Rutherford', 13),
('wc26-m014', 'wc-2026', 'group', 'C', 'Group C', 'hti', 'sco', timestamptz '2026-06-14T01:00:00Z', 'Gillette Stadium, Foxborough', 14),
('wc26-m015', 'wc-2026', 'group', 'C', 'Group C', 'sco', 'mar', timestamptz '2026-06-19T22:00:00Z', 'Lincoln Financial Field, Philadelphia', 15),
('wc26-m016', 'wc-2026', 'group', 'C', 'Group C', 'bra', 'hti', timestamptz '2026-06-20T01:00:00Z', 'Gillette Stadium, Foxborough', 16),
('wc26-m017', 'wc-2026', 'group', 'C', 'Group C', 'sco', 'bra', timestamptz '2026-06-24T22:00:00Z', 'Hard Rock Stadium, Miami', 17),
('wc26-m018', 'wc-2026', 'group', 'C', 'Group C', 'mar', 'hti', timestamptz '2026-06-24T22:00:00Z', 'Mercedes-Benz Stadium, Atlanta', 18),
('wc26-m019', 'wc-2026', 'group', 'D', 'Group D', 'usa', 'par', timestamptz '2026-06-13T01:00:00Z', 'SoFi Stadium, Inglewood', 19),
('wc26-m020', 'wc-2026', 'group', 'D', 'Group D', 'aus', 'tur', timestamptz '2026-06-13T04:00:00Z', 'BC Place, Vancouver', 20),
('wc26-m021', 'wc-2026', 'group', 'D', 'Group D', 'tur', 'par', timestamptz '2026-06-20T04:00:00Z', 'Levi''s Stadium, Santa Clara', 21),
('wc26-m022', 'wc-2026', 'group', 'D', 'Group D', 'usa', 'aus', timestamptz '2026-06-19T19:00:00Z', 'Lumen Field, Seattle', 22),
('wc26-m023', 'wc-2026', 'group', 'D', 'Group D', 'tur', 'usa', timestamptz '2026-06-26T02:00:00Z', 'SoFi Stadium, Inglewood', 23),
('wc26-m024', 'wc-2026', 'group', 'D', 'Group D', 'par', 'aus', timestamptz '2026-06-26T02:00:00Z', 'Levi''s Stadium, Santa Clara', 24),
('wc26-m025', 'wc-2026', 'group', 'E', 'Group E', 'ger', 'cuw', timestamptz '2026-06-14T17:00:00Z', 'NRG Stadium, Houston', 25),
('wc26-m026', 'wc-2026', 'group', 'E', 'Group E', 'civ', 'ecu', timestamptz '2026-06-14T23:00:00Z', 'Lincoln Financial Field, Philadelphia', 26),
('wc26-m027', 'wc-2026', 'group', 'E', 'Group E', 'ger', 'civ', timestamptz '2026-06-20T20:00:00Z', 'BMO Field, Toronto', 27),
('wc26-m028', 'wc-2026', 'group', 'E', 'Group E', 'ecu', 'cuw', timestamptz '2026-06-21T00:00:00Z', 'Arrowhead Stadium, Kansas City', 28),
('wc26-m029', 'wc-2026', 'group', 'E', 'Group E', 'ecu', 'ger', timestamptz '2026-06-25T20:00:00Z', 'MetLife Stadium, East Rutherford', 29),
('wc26-m030', 'wc-2026', 'group', 'E', 'Group E', 'cuw', 'civ', timestamptz '2026-06-25T20:00:00Z', 'Lincoln Financial Field, Philadelphia', 30),
('wc26-m031', 'wc-2026', 'group', 'F', 'Group F', 'ned', 'jpn', timestamptz '2026-06-14T20:00:00Z', 'AT and T Stadium, Arlington', 31),
('wc26-m032', 'wc-2026', 'group', 'F', 'Group F', 'swe', 'tun', timestamptz '2026-06-15T02:00:00Z', 'Estadio BBVA, Monterrey', 32),
('wc26-m033', 'wc-2026', 'group', 'F', 'Group F', 'tun', 'jpn', timestamptz '2026-06-20T17:00:00Z', 'Estadio BBVA, Monterrey', 33),
('wc26-m034', 'wc-2026', 'group', 'F', 'Group F', 'ned', 'swe', timestamptz '2026-06-20T04:00:00Z', 'NRG Stadium, Houston', 34),
('wc26-m035', 'wc-2026', 'group', 'F', 'Group F', 'tun', 'ned', timestamptz '2026-06-25T23:00:00Z', 'AT and T Stadium, Arlington', 35),
('wc26-m036', 'wc-2026', 'group', 'F', 'Group F', 'jpn', 'swe', timestamptz '2026-06-25T23:00:00Z', 'Arrowhead Stadium, Kansas City', 36),
('wc26-m037', 'wc-2026', 'group', 'G', 'Group G', 'bel', 'egy', timestamptz '2026-06-15T19:00:00Z', 'SoFi Stadium, Inglewood', 37),
('wc26-m038', 'wc-2026', 'group', 'G', 'Group G', 'irn', 'nzl', timestamptz '2026-06-16T01:00:00Z', 'Lumen Field, Seattle', 38),
('wc26-m039', 'wc-2026', 'group', 'G', 'Group G', 'bel', 'irn', timestamptz '2026-06-21T19:00:00Z', 'SoFi Stadium, Inglewood', 39),
('wc26-m040', 'wc-2026', 'group', 'G', 'Group G', 'nzl', 'egy', timestamptz '2026-06-22T01:00:00Z', 'BC Place, Vancouver', 40),
('wc26-m041', 'wc-2026', 'group', 'G', 'Group G', 'nzl', 'bel', timestamptz '2026-06-27T00:00:00Z', 'Lumen Field, Seattle', 41),
('wc26-m042', 'wc-2026', 'group', 'G', 'Group G', 'egy', 'irn', timestamptz '2026-06-27T00:00:00Z', 'BC Place, Vancouver', 42),
('wc26-m043', 'wc-2026', 'group', 'H', 'Group H', 'esp', 'cpv', timestamptz '2026-06-15T16:00:00Z', 'Mercedes-Benz Stadium, Atlanta', 43),
('wc26-m044', 'wc-2026', 'group', 'H', 'Group H', 'ksa', 'uru', timestamptz '2026-06-15T22:00:00Z', 'Hard Rock Stadium, Miami', 44),
('wc26-m045', 'wc-2026', 'group', 'H', 'Group H', 'esp', 'ksa', timestamptz '2026-06-21T16:00:00Z', 'Mercedes-Benz Stadium, Atlanta', 45),
('wc26-m046', 'wc-2026', 'group', 'H', 'Group H', 'uru', 'cpv', timestamptz '2026-06-21T22:00:00Z', 'Hard Rock Stadium, Miami', 46),
('wc26-m047', 'wc-2026', 'group', 'H', 'Group H', 'uru', 'esp', timestamptz '2026-06-27T00:00:00Z', 'NRG Stadium, Houston', 47),
('wc26-m048', 'wc-2026', 'group', 'H', 'Group H', 'cpv', 'ksa', timestamptz '2026-06-27T00:00:00Z', 'Estadio Akron, Guadalajara', 48),
('wc26-m049', 'wc-2026', 'group', 'I', 'Group I', 'fra', 'sen', timestamptz '2026-06-16T19:00:00Z', 'MetLife Stadium, East Rutherford', 49),
('wc26-m050', 'wc-2026', 'group', 'I', 'Group I', 'irq', 'nor', timestamptz '2026-06-16T22:00:00Z', 'Gillette Stadium, Foxborough', 50),
('wc26-m051', 'wc-2026', 'group', 'I', 'Group I', 'fra', 'irq', timestamptz '2026-06-22T21:00:00Z', 'Lincoln Financial Field, Philadelphia', 51),
('wc26-m052', 'wc-2026', 'group', 'I', 'Group I', 'nor', 'sen', timestamptz '2026-06-23T00:00:00Z', 'MetLife Stadium, East Rutherford', 52),
('wc26-m053', 'wc-2026', 'group', 'I', 'Group I', 'nor', 'fra', timestamptz '2026-06-26T19:00:00Z', 'Gillette Stadium, Foxborough', 53),
('wc26-m054', 'wc-2026', 'group', 'I', 'Group I', 'sen', 'irq', timestamptz '2026-06-26T19:00:00Z', 'BMO Field, Toronto', 54),
('wc26-m055', 'wc-2026', 'group', 'J', 'Group J', 'arg', 'alg', timestamptz '2026-06-17T01:00:00Z', 'Arrowhead Stadium, Kansas City', 55),
('wc26-m056', 'wc-2026', 'group', 'J', 'Group J', 'aut', 'jor', timestamptz '2026-06-17T04:00:00Z', 'Levi''s Stadium, Santa Clara', 56),
('wc26-m057', 'wc-2026', 'group', 'J', 'Group J', 'arg', 'aut', timestamptz '2026-06-22T17:00:00Z', 'AT and T Stadium, Arlington', 57),
('wc26-m058', 'wc-2026', 'group', 'J', 'Group J', 'jor', 'alg', timestamptz '2026-06-23T03:00:00Z', 'Levi''s Stadium, Santa Clara', 58),
('wc26-m059', 'wc-2026', 'group', 'J', 'Group J', 'jor', 'arg', timestamptz '2026-06-28T02:00:00Z', 'Arrowhead Stadium, Kansas City', 59),
('wc26-m060', 'wc-2026', 'group', 'J', 'Group J', 'alg', 'aut', timestamptz '2026-06-28T02:00:00Z', 'AT and T Stadium, Arlington', 60),
('wc26-m061', 'wc-2026', 'group', 'K', 'Group K', 'por', 'cod', timestamptz '2026-06-17T17:00:00Z', 'NRG Stadium, Houston', 61),
('wc26-m062', 'wc-2026', 'group', 'K', 'Group K', 'uzb', 'col', timestamptz '2026-06-18T02:00:00Z', 'Estadio Azteca, Mexico City', 62),
('wc26-m063', 'wc-2026', 'group', 'K', 'Group K', 'por', 'uzb', timestamptz '2026-06-23T17:00:00Z', 'NRG Stadium, Houston', 63),
('wc26-m064', 'wc-2026', 'group', 'K', 'Group K', 'col', 'cod', timestamptz '2026-06-24T02:00:00Z', 'Estadio Akron, Guadalajara', 64),
('wc26-m065', 'wc-2026', 'group', 'K', 'Group K', 'col', 'por', timestamptz '2026-06-27T23:30:00Z', 'Hard Rock Stadium, Miami', 65),
('wc26-m066', 'wc-2026', 'group', 'K', 'Group K', 'cod', 'uzb', timestamptz '2026-06-27T23:30:00Z', 'Mercedes-Benz Stadium, Atlanta', 66),
('wc26-m067', 'wc-2026', 'group', 'L', 'Group L', 'eng', 'cro', timestamptz '2026-06-17T20:00:00Z', 'AT and T Stadium, Arlington', 67),
('wc26-m068', 'wc-2026', 'group', 'L', 'Group L', 'gha', 'pan', timestamptz '2026-06-17T23:00:00Z', 'BMO Field, Toronto', 68),
('wc26-m069', 'wc-2026', 'group', 'L', 'Group L', 'eng', 'gha', timestamptz '2026-06-23T20:00:00Z', 'Gillette Stadium, Foxborough', 69),
('wc26-m070', 'wc-2026', 'group', 'L', 'Group L', 'pan', 'cro', timestamptz '2026-06-23T23:00:00Z', 'BMO Field, Toronto', 70),
('wc26-m071', 'wc-2026', 'group', 'L', 'Group L', 'pan', 'eng', timestamptz '2026-06-27T21:00:00Z', 'MetLife Stadium, East Rutherford', 71),
('wc26-m072', 'wc-2026', 'group', 'L', 'Group L', 'cro', 'gha', timestamptz '2026-06-27T21:00:00Z', 'Lincoln Financial Field, Philadelphia', 72),
('wc26-m073', 'wc-2026', 'r32', null, '2nd Group A vs 2nd Group B', '2a', '2b', timestamptz '2026-06-28T19:00:00Z', 'SoFi Stadium, Inglewood', 73),
('wc26-m074', 'wc-2026', 'r32', null, '1st Group E vs 3rd place', '1e', '3p1', timestamptz '2026-06-29T20:30:00Z', 'Gillette Stadium, Foxborough', 74),
('wc26-m075', 'wc-2026', 'r32', null, '1st Group F vs 2nd Group C', '1f', '2c', timestamptz '2026-06-30T01:00:00Z', 'Estadio BBVA, Monterrey', 75),
('wc26-m076', 'wc-2026', 'r32', null, '1st Group C vs 2nd Group F', '1c', '2f', timestamptz '2026-06-29T17:00:00Z', 'NRG Stadium, Houston', 76),
('wc26-m077', 'wc-2026', 'r32', null, '1st Group I vs 3rd place', '1i', '3p2', timestamptz '2026-06-30T21:00:00Z', 'MetLife Stadium, East Rutherford', 77),
('wc26-m078', 'wc-2026', 'r32', null, '2nd Group E vs 2nd Group I', '2e', '2i', timestamptz '2026-06-30T17:00:00Z', 'AT and T Stadium, Arlington', 78),
('wc26-m079', 'wc-2026', 'r32', null, '1st Group A vs 3rd place', '1a', '3p3', timestamptz '2026-07-01T01:00:00Z', 'Estadio Azteca, Mexico City', 79),
('wc26-m080', 'wc-2026', 'r32', null, '1st Group L vs 3rd place', '1l', '3p4', timestamptz '2026-07-01T16:00:00Z', 'Mercedes-Benz Stadium, Atlanta', 80),
('wc26-m081', 'wc-2026', 'r32', null, '1st Group D vs 3rd place', '1d', '3p5', timestamptz '2026-07-02T00:00:00Z', 'Levi''s Stadium, Santa Clara', 81),
('wc26-m082', 'wc-2026', 'r32', null, '1st Group G vs 3rd place', '1g', '3p6', timestamptz '2026-07-01T20:00:00Z', 'Lumen Field, Seattle', 82),
('wc26-m083', 'wc-2026', 'r32', null, '2nd Group K vs 2nd Group L', '2k', '2l', timestamptz '2026-07-02T23:00:00Z', 'BMO Field, Toronto', 83),
('wc26-m084', 'wc-2026', 'r32', null, '1st Group H vs 2nd Group J', '1h', '2j', timestamptz '2026-07-02T19:00:00Z', 'SoFi Stadium, Inglewood', 84),
('wc26-m085', 'wc-2026', 'r32', null, '1st Group B vs 3rd place', '1b', '3p7', timestamptz '2026-07-03T03:00:00Z', 'BC Place, Vancouver', 85),
('wc26-m086', 'wc-2026', 'r32', null, '1st Group J vs 2nd Group H', '1j', '2h', timestamptz '2026-07-03T22:00:00Z', 'Hard Rock Stadium, Miami', 86),
('wc26-m087', 'wc-2026', 'r32', null, '1st Group K vs 3rd place', '1k', '3p8', timestamptz '2026-07-04T01:30:00Z', 'Arrowhead Stadium, Kansas City', 87),
('wc26-m088', 'wc-2026', 'r32', null, '2nd Group D vs 2nd Group G', '2d', '2g', timestamptz '2026-07-03T18:00:00Z', 'AT and T Stadium, Arlington', 88),
('wc26-m089', 'wc-2026', 'r16', null, 'Winner R32 M1 vs Winner R32 M3', 'w73', 'w75', timestamptz '2026-07-04T17:00:00Z', 'NRG Stadium, Houston', 89),
('wc26-m090', 'wc-2026', 'r16', null, 'Winner R32 M2 vs Winner R32 M5', 'w74', 'w77', timestamptz '2026-07-04T21:00:00Z', 'Lincoln Financial Field, Philadelphia', 90),
('wc26-m091', 'wc-2026', 'r16', null, 'Winner R32 M4 vs Winner R32 M6', 'w76', 'w78', timestamptz '2026-07-05T20:00:00Z', 'MetLife Stadium, East Rutherford', 91),
('wc26-m092', 'wc-2026', 'r16', null, 'Winner R32 M7 vs Winner R32 M8', 'w79', 'w80', timestamptz '2026-07-06T00:00:00Z', 'Estadio Azteca, Mexico City', 92),
('wc26-m093', 'wc-2026', 'r16', null, 'Winner R32 M11 vs Winner R32 M12', 'w83', 'w84', timestamptz '2026-07-06T19:00:00Z', 'AT and T Stadium, Arlington', 93),
('wc26-m094', 'wc-2026', 'r16', null, 'Winner R32 M9 vs Winner R32 M10', 'w81', 'w82', timestamptz '2026-07-07T00:00:00Z', 'Lumen Field, Seattle', 94),
('wc26-m095', 'wc-2026', 'r16', null, 'Winner R32 M14 vs Winner R32 M16', 'w86', 'w88', timestamptz '2026-07-07T16:00:00Z', 'Mercedes-Benz Stadium, Atlanta', 95),
('wc26-m096', 'wc-2026', 'r16', null, 'Winner R32 M13 vs Winner R32 M15', 'w85', 'w87', timestamptz '2026-07-07T20:00:00Z', 'BC Place, Vancouver', 96),
('wc26-m097', 'wc-2026', 'qf', null, 'Winner R16 M1 vs Winner R16 M2', 'w89', 'w90', timestamptz '2026-07-09T20:00:00Z', 'Gillette Stadium, Foxborough', 97),
('wc26-m098', 'wc-2026', 'qf', null, 'Winner R16 M5 vs Winner R16 M6', 'w93', 'w94', timestamptz '2026-07-10T19:00:00Z', 'SoFi Stadium, Inglewood', 98),
('wc26-m099', 'wc-2026', 'qf', null, 'Winner R16 M3 vs Winner R16 M4', 'w91', 'w92', timestamptz '2026-07-11T21:00:00Z', 'Hard Rock Stadium, Miami', 99),
('wc26-m100', 'wc-2026', 'qf', null, 'Winner R16 M7 vs Winner R16 M8', 'w95', 'w96', timestamptz '2026-07-12T01:00:00Z', 'Arrowhead Stadium, Kansas City', 100),
('wc26-m101', 'wc-2026', 'sf', null, 'Winner QF1 vs Winner QF2', 'w97', 'w98', timestamptz '2026-07-14T19:00:00Z', 'AT and T Stadium, Arlington', 101),
('wc26-m102', 'wc-2026', 'sf', null, 'Winner QF3 vs Winner QF4', 'w99', 'w100', timestamptz '2026-07-15T19:00:00Z', 'Mercedes-Benz Stadium, Atlanta', 102),
('wc26-m103', 'wc-2026', 'third', null, '3rd place match', 'l101', 'l102', timestamptz '2026-07-18T21:00:00Z', 'Hard Rock Stadium, Miami', 103),
('wc26-m104', 'wc-2026', 'final', null, 'World Cup Final', 'w101', 'w102', timestamptz '2026-07-19T19:00:00Z', 'MetLife Stadium, East Rutherford', 104)
on conflict (id) do update set
  stage = excluded.stage,
  group_code = excluded.group_code,
  round_label = excluded.round_label,
  home_team_id = excluded.home_team_id,
  away_team_id = excluded.away_team_id,
  kickoff_at = excluded.kickoff_at,
  venue = excluded.venue,
  sort_order = excluded.sort_order;

insert into public.polls (
  id, event_id, match_id, poll_type, title, opens_at, closes_at, archived_at, winner_choice_id
)
values
('wc26-poll-wc26-m001', 'wc-2026', 'wc26-m001', 'match_winner', 'Mexico vs South Africa', timestamptz '2026-05-01 00:00:00+00', timestamptz '2026-06-11T19:00:00Z', null, null),
('wc26-poll-wc26-m002', 'wc-2026', 'wc26-m002', 'match_winner', 'South Korea vs Czechia', timestamptz '2026-05-01 00:00:00+00', timestamptz '2026-06-12T02:00:00Z', null, null),
('wc26-poll-wc26-m003', 'wc-2026', 'wc26-m003', 'match_winner', 'Czechia vs South Africa', timestamptz '2026-05-01 00:00:00+00', timestamptz '2026-06-18T16:00:00Z', null, null),
('wc26-poll-wc26-m004', 'wc-2026', 'wc26-m004', 'match_winner', 'Mexico vs South Korea', timestamptz '2026-05-01 00:00:00+00', timestamptz '2026-06-19T01:00:00Z', null, null),
('wc26-poll-wc26-m005', 'wc-2026', 'wc26-m005', 'match_winner', 'Czechia vs Mexico', timestamptz '2026-05-01 00:00:00+00', timestamptz '2026-06-25T01:00:00Z', null, null),
('wc26-poll-wc26-m006', 'wc-2026', 'wc26-m006', 'match_winner', 'South Africa vs South Korea', timestamptz '2026-05-01 00:00:00+00', timestamptz '2026-06-25T01:00:00Z', null, null),
('wc26-poll-wc26-m007', 'wc-2026', 'wc26-m007', 'match_winner', 'Canada vs Bosnia and Herzegovina', timestamptz '2026-05-01 00:00:00+00', timestamptz '2026-06-12T19:00:00Z', null, null),
('wc26-poll-wc26-m008', 'wc-2026', 'wc26-m008', 'match_winner', 'Qatar vs Switzerland', timestamptz '2026-05-01 00:00:00+00', timestamptz '2026-06-13T19:00:00Z', null, null),
('wc26-poll-wc26-m009', 'wc-2026', 'wc26-m009', 'match_winner', 'Bosnia and Herzegovina vs Switzerland', timestamptz '2026-05-01 00:00:00+00', timestamptz '2026-06-18T19:00:00Z', null, null),
('wc26-poll-wc26-m010', 'wc-2026', 'wc26-m010', 'match_winner', 'Canada vs Qatar', timestamptz '2026-05-01 00:00:00+00', timestamptz '2026-06-18T22:00:00Z', null, null),
('wc26-poll-wc26-m011', 'wc-2026', 'wc26-m011', 'match_winner', 'Switzerland vs Canada', timestamptz '2026-05-01 00:00:00+00', timestamptz '2026-06-24T19:00:00Z', null, null),
('wc26-poll-wc26-m012', 'wc-2026', 'wc26-m012', 'match_winner', 'Bosnia and Herzegovina vs Qatar', timestamptz '2026-05-01 00:00:00+00', timestamptz '2026-06-24T19:00:00Z', null, null),
('wc26-poll-wc26-m013', 'wc-2026', 'wc26-m013', 'match_winner', 'Brazil vs Morocco', timestamptz '2026-05-01 00:00:00+00', timestamptz '2026-06-13T22:00:00Z', null, null),
('wc26-poll-wc26-m014', 'wc-2026', 'wc26-m014', 'match_winner', 'Haiti vs Scotland', timestamptz '2026-05-01 00:00:00+00', timestamptz '2026-06-14T01:00:00Z', null, null),
('wc26-poll-wc26-m015', 'wc-2026', 'wc26-m015', 'match_winner', 'Scotland vs Morocco', timestamptz '2026-05-01 00:00:00+00', timestamptz '2026-06-19T22:00:00Z', null, null),
('wc26-poll-wc26-m016', 'wc-2026', 'wc26-m016', 'match_winner', 'Brazil vs Haiti', timestamptz '2026-05-01 00:00:00+00', timestamptz '2026-06-20T01:00:00Z', null, null),
('wc26-poll-wc26-m017', 'wc-2026', 'wc26-m017', 'match_winner', 'Scotland vs Brazil', timestamptz '2026-05-01 00:00:00+00', timestamptz '2026-06-24T22:00:00Z', null, null),
('wc26-poll-wc26-m018', 'wc-2026', 'wc26-m018', 'match_winner', 'Morocco vs Haiti', timestamptz '2026-05-01 00:00:00+00', timestamptz '2026-06-24T22:00:00Z', null, null),
('wc26-poll-wc26-m019', 'wc-2026', 'wc26-m019', 'match_winner', 'United States vs Paraguay', timestamptz '2026-05-01 00:00:00+00', timestamptz '2026-06-13T01:00:00Z', null, null),
('wc26-poll-wc26-m020', 'wc-2026', 'wc26-m020', 'match_winner', 'Australia vs Türkiye', timestamptz '2026-05-01 00:00:00+00', timestamptz '2026-06-13T04:00:00Z', null, null),
('wc26-poll-wc26-m021', 'wc-2026', 'wc26-m021', 'match_winner', 'Türkiye vs Paraguay', timestamptz '2026-05-01 00:00:00+00', timestamptz '2026-06-20T04:00:00Z', null, null),
('wc26-poll-wc26-m022', 'wc-2026', 'wc26-m022', 'match_winner', 'United States vs Australia', timestamptz '2026-05-01 00:00:00+00', timestamptz '2026-06-19T19:00:00Z', null, null),
('wc26-poll-wc26-m023', 'wc-2026', 'wc26-m023', 'match_winner', 'Türkiye vs United States', timestamptz '2026-05-01 00:00:00+00', timestamptz '2026-06-26T02:00:00Z', null, null),
('wc26-poll-wc26-m024', 'wc-2026', 'wc26-m024', 'match_winner', 'Paraguay vs Australia', timestamptz '2026-05-01 00:00:00+00', timestamptz '2026-06-26T02:00:00Z', null, null),
('wc26-poll-wc26-m025', 'wc-2026', 'wc26-m025', 'match_winner', 'Germany vs Curaçao', timestamptz '2026-05-01 00:00:00+00', timestamptz '2026-06-14T17:00:00Z', null, null),
('wc26-poll-wc26-m026', 'wc-2026', 'wc26-m026', 'match_winner', 'Ivory Coast vs Ecuador', timestamptz '2026-05-01 00:00:00+00', timestamptz '2026-06-14T23:00:00Z', null, null),
('wc26-poll-wc26-m027', 'wc-2026', 'wc26-m027', 'match_winner', 'Germany vs Ivory Coast', timestamptz '2026-05-01 00:00:00+00', timestamptz '2026-06-20T20:00:00Z', null, null),
('wc26-poll-wc26-m028', 'wc-2026', 'wc26-m028', 'match_winner', 'Ecuador vs Curaçao', timestamptz '2026-05-01 00:00:00+00', timestamptz '2026-06-21T00:00:00Z', null, null),
('wc26-poll-wc26-m029', 'wc-2026', 'wc26-m029', 'match_winner', 'Ecuador vs Germany', timestamptz '2026-05-01 00:00:00+00', timestamptz '2026-06-25T20:00:00Z', null, null),
('wc26-poll-wc26-m030', 'wc-2026', 'wc26-m030', 'match_winner', 'Curaçao vs Ivory Coast', timestamptz '2026-05-01 00:00:00+00', timestamptz '2026-06-25T20:00:00Z', null, null),
('wc26-poll-wc26-m031', 'wc-2026', 'wc26-m031', 'match_winner', 'Netherlands vs Japan', timestamptz '2026-05-01 00:00:00+00', timestamptz '2026-06-14T20:00:00Z', null, null),
('wc26-poll-wc26-m032', 'wc-2026', 'wc26-m032', 'match_winner', 'Sweden vs Tunisia', timestamptz '2026-05-01 00:00:00+00', timestamptz '2026-06-15T02:00:00Z', null, null),
('wc26-poll-wc26-m033', 'wc-2026', 'wc26-m033', 'match_winner', 'Tunisia vs Japan', timestamptz '2026-05-01 00:00:00+00', timestamptz '2026-06-20T17:00:00Z', null, null),
('wc26-poll-wc26-m034', 'wc-2026', 'wc26-m034', 'match_winner', 'Netherlands vs Sweden', timestamptz '2026-05-01 00:00:00+00', timestamptz '2026-06-20T04:00:00Z', null, null),
('wc26-poll-wc26-m035', 'wc-2026', 'wc26-m035', 'match_winner', 'Tunisia vs Netherlands', timestamptz '2026-05-01 00:00:00+00', timestamptz '2026-06-25T23:00:00Z', null, null),
('wc26-poll-wc26-m036', 'wc-2026', 'wc26-m036', 'match_winner', 'Japan vs Sweden', timestamptz '2026-05-01 00:00:00+00', timestamptz '2026-06-25T23:00:00Z', null, null),
('wc26-poll-wc26-m037', 'wc-2026', 'wc26-m037', 'match_winner', 'Belgium vs Egypt', timestamptz '2026-05-01 00:00:00+00', timestamptz '2026-06-15T19:00:00Z', null, null),
('wc26-poll-wc26-m038', 'wc-2026', 'wc26-m038', 'match_winner', 'Iran vs New Zealand', timestamptz '2026-05-01 00:00:00+00', timestamptz '2026-06-16T01:00:00Z', null, null),
('wc26-poll-wc26-m039', 'wc-2026', 'wc26-m039', 'match_winner', 'Belgium vs Iran', timestamptz '2026-05-01 00:00:00+00', timestamptz '2026-06-21T19:00:00Z', null, null),
('wc26-poll-wc26-m040', 'wc-2026', 'wc26-m040', 'match_winner', 'New Zealand vs Egypt', timestamptz '2026-05-01 00:00:00+00', timestamptz '2026-06-22T01:00:00Z', null, null),
('wc26-poll-wc26-m041', 'wc-2026', 'wc26-m041', 'match_winner', 'New Zealand vs Belgium', timestamptz '2026-05-01 00:00:00+00', timestamptz '2026-06-27T00:00:00Z', null, null),
('wc26-poll-wc26-m042', 'wc-2026', 'wc26-m042', 'match_winner', 'Egypt vs Iran', timestamptz '2026-05-01 00:00:00+00', timestamptz '2026-06-27T00:00:00Z', null, null),
('wc26-poll-wc26-m043', 'wc-2026', 'wc26-m043', 'match_winner', 'Spain vs Cape Verde', timestamptz '2026-05-01 00:00:00+00', timestamptz '2026-06-15T16:00:00Z', null, null),
('wc26-poll-wc26-m044', 'wc-2026', 'wc26-m044', 'match_winner', 'Saudi Arabia vs Uruguay', timestamptz '2026-05-01 00:00:00+00', timestamptz '2026-06-15T22:00:00Z', null, null),
('wc26-poll-wc26-m045', 'wc-2026', 'wc26-m045', 'match_winner', 'Spain vs Saudi Arabia', timestamptz '2026-05-01 00:00:00+00', timestamptz '2026-06-21T16:00:00Z', null, null),
('wc26-poll-wc26-m046', 'wc-2026', 'wc26-m046', 'match_winner', 'Uruguay vs Cape Verde', timestamptz '2026-05-01 00:00:00+00', timestamptz '2026-06-21T22:00:00Z', null, null),
('wc26-poll-wc26-m047', 'wc-2026', 'wc26-m047', 'match_winner', 'Uruguay vs Spain', timestamptz '2026-05-01 00:00:00+00', timestamptz '2026-06-27T00:00:00Z', null, null),
('wc26-poll-wc26-m048', 'wc-2026', 'wc26-m048', 'match_winner', 'Cape Verde vs Saudi Arabia', timestamptz '2026-05-01 00:00:00+00', timestamptz '2026-06-27T00:00:00Z', null, null),
('wc26-poll-wc26-m049', 'wc-2026', 'wc26-m049', 'match_winner', 'France vs Senegal', timestamptz '2026-05-01 00:00:00+00', timestamptz '2026-06-16T19:00:00Z', null, null),
('wc26-poll-wc26-m050', 'wc-2026', 'wc26-m050', 'match_winner', 'Iraq vs Norway', timestamptz '2026-05-01 00:00:00+00', timestamptz '2026-06-16T22:00:00Z', null, null),
('wc26-poll-wc26-m051', 'wc-2026', 'wc26-m051', 'match_winner', 'France vs Iraq', timestamptz '2026-05-01 00:00:00+00', timestamptz '2026-06-22T21:00:00Z', null, null),
('wc26-poll-wc26-m052', 'wc-2026', 'wc26-m052', 'match_winner', 'Norway vs Senegal', timestamptz '2026-05-01 00:00:00+00', timestamptz '2026-06-23T00:00:00Z', null, null),
('wc26-poll-wc26-m053', 'wc-2026', 'wc26-m053', 'match_winner', 'Norway vs France', timestamptz '2026-05-01 00:00:00+00', timestamptz '2026-06-26T19:00:00Z', null, null),
('wc26-poll-wc26-m054', 'wc-2026', 'wc26-m054', 'match_winner', 'Senegal vs Iraq', timestamptz '2026-05-01 00:00:00+00', timestamptz '2026-06-26T19:00:00Z', null, null),
('wc26-poll-wc26-m055', 'wc-2026', 'wc26-m055', 'match_winner', 'Argentina vs Algeria', timestamptz '2026-05-01 00:00:00+00', timestamptz '2026-06-17T01:00:00Z', null, null),
('wc26-poll-wc26-m056', 'wc-2026', 'wc26-m056', 'match_winner', 'Austria vs Jordan', timestamptz '2026-05-01 00:00:00+00', timestamptz '2026-06-17T04:00:00Z', null, null),
('wc26-poll-wc26-m057', 'wc-2026', 'wc26-m057', 'match_winner', 'Argentina vs Austria', timestamptz '2026-05-01 00:00:00+00', timestamptz '2026-06-22T17:00:00Z', null, null),
('wc26-poll-wc26-m058', 'wc-2026', 'wc26-m058', 'match_winner', 'Jordan vs Algeria', timestamptz '2026-05-01 00:00:00+00', timestamptz '2026-06-23T03:00:00Z', null, null),
('wc26-poll-wc26-m059', 'wc-2026', 'wc26-m059', 'match_winner', 'Jordan vs Argentina', timestamptz '2026-05-01 00:00:00+00', timestamptz '2026-06-28T02:00:00Z', null, null),
('wc26-poll-wc26-m060', 'wc-2026', 'wc26-m060', 'match_winner', 'Algeria vs Austria', timestamptz '2026-05-01 00:00:00+00', timestamptz '2026-06-28T02:00:00Z', null, null),
('wc26-poll-wc26-m061', 'wc-2026', 'wc26-m061', 'match_winner', 'Portugal vs DR Congo', timestamptz '2026-05-01 00:00:00+00', timestamptz '2026-06-17T17:00:00Z', null, null),
('wc26-poll-wc26-m062', 'wc-2026', 'wc26-m062', 'match_winner', 'Uzbekistan vs Colombia', timestamptz '2026-05-01 00:00:00+00', timestamptz '2026-06-18T02:00:00Z', null, null),
('wc26-poll-wc26-m063', 'wc-2026', 'wc26-m063', 'match_winner', 'Portugal vs Uzbekistan', timestamptz '2026-05-01 00:00:00+00', timestamptz '2026-06-23T17:00:00Z', null, null),
('wc26-poll-wc26-m064', 'wc-2026', 'wc26-m064', 'match_winner', 'Colombia vs DR Congo', timestamptz '2026-05-01 00:00:00+00', timestamptz '2026-06-24T02:00:00Z', null, null),
('wc26-poll-wc26-m065', 'wc-2026', 'wc26-m065', 'match_winner', 'Colombia vs Portugal', timestamptz '2026-05-01 00:00:00+00', timestamptz '2026-06-27T23:30:00Z', null, null),
('wc26-poll-wc26-m066', 'wc-2026', 'wc26-m066', 'match_winner', 'DR Congo vs Uzbekistan', timestamptz '2026-05-01 00:00:00+00', timestamptz '2026-06-27T23:30:00Z', null, null),
('wc26-poll-wc26-m067', 'wc-2026', 'wc26-m067', 'match_winner', 'England vs Croatia', timestamptz '2026-05-01 00:00:00+00', timestamptz '2026-06-17T20:00:00Z', null, null),
('wc26-poll-wc26-m068', 'wc-2026', 'wc26-m068', 'match_winner', 'Ghana vs Panama', timestamptz '2026-05-01 00:00:00+00', timestamptz '2026-06-17T23:00:00Z', null, null),
('wc26-poll-wc26-m069', 'wc-2026', 'wc26-m069', 'match_winner', 'England vs Ghana', timestamptz '2026-05-01 00:00:00+00', timestamptz '2026-06-23T20:00:00Z', null, null),
('wc26-poll-wc26-m070', 'wc-2026', 'wc26-m070', 'match_winner', 'Panama vs Croatia', timestamptz '2026-05-01 00:00:00+00', timestamptz '2026-06-23T23:00:00Z', null, null),
('wc26-poll-wc26-m071', 'wc-2026', 'wc26-m071', 'match_winner', 'Panama vs England', timestamptz '2026-05-01 00:00:00+00', timestamptz '2026-06-27T21:00:00Z', null, null),
('wc26-poll-wc26-m072', 'wc-2026', 'wc26-m072', 'match_winner', 'Croatia vs Ghana', timestamptz '2026-05-01 00:00:00+00', timestamptz '2026-06-27T21:00:00Z', null, null),
('wc26-poll-wc26-m073', 'wc-2026', 'wc26-m073', 'match_winner', '2nd Group A vs 2nd Group B', timestamptz '2026-05-01 00:00:00+00', timestamptz '2026-06-28T19:00:00Z', null, null),
('wc26-poll-wc26-m074', 'wc-2026', 'wc26-m074', 'match_winner', '1st Group E vs 3rd place', timestamptz '2026-05-01 00:00:00+00', timestamptz '2026-06-29T20:30:00Z', null, null),
('wc26-poll-wc26-m075', 'wc-2026', 'wc26-m075', 'match_winner', '1st Group F vs 2nd Group C', timestamptz '2026-05-01 00:00:00+00', timestamptz '2026-06-30T01:00:00Z', null, null),
('wc26-poll-wc26-m076', 'wc-2026', 'wc26-m076', 'match_winner', '1st Group C vs 2nd Group F', timestamptz '2026-05-01 00:00:00+00', timestamptz '2026-06-29T17:00:00Z', null, null),
('wc26-poll-wc26-m077', 'wc-2026', 'wc26-m077', 'match_winner', '1st Group I vs 3rd place', timestamptz '2026-05-01 00:00:00+00', timestamptz '2026-06-30T21:00:00Z', null, null),
('wc26-poll-wc26-m078', 'wc-2026', 'wc26-m078', 'match_winner', '2nd Group E vs 2nd Group I', timestamptz '2026-05-01 00:00:00+00', timestamptz '2026-06-30T17:00:00Z', null, null),
('wc26-poll-wc26-m079', 'wc-2026', 'wc26-m079', 'match_winner', '1st Group A vs 3rd place', timestamptz '2026-05-01 00:00:00+00', timestamptz '2026-07-01T01:00:00Z', null, null),
('wc26-poll-wc26-m080', 'wc-2026', 'wc26-m080', 'match_winner', '1st Group L vs 3rd place', timestamptz '2026-05-01 00:00:00+00', timestamptz '2026-07-01T16:00:00Z', null, null),
('wc26-poll-wc26-m081', 'wc-2026', 'wc26-m081', 'match_winner', '1st Group D vs 3rd place', timestamptz '2026-05-01 00:00:00+00', timestamptz '2026-07-02T00:00:00Z', null, null),
('wc26-poll-wc26-m082', 'wc-2026', 'wc26-m082', 'match_winner', '1st Group G vs 3rd place', timestamptz '2026-05-01 00:00:00+00', timestamptz '2026-07-01T20:00:00Z', null, null),
('wc26-poll-wc26-m083', 'wc-2026', 'wc26-m083', 'match_winner', '2nd Group K vs 2nd Group L', timestamptz '2026-05-01 00:00:00+00', timestamptz '2026-07-02T23:00:00Z', null, null),
('wc26-poll-wc26-m084', 'wc-2026', 'wc26-m084', 'match_winner', '1st Group H vs 2nd Group J', timestamptz '2026-05-01 00:00:00+00', timestamptz '2026-07-02T19:00:00Z', null, null),
('wc26-poll-wc26-m085', 'wc-2026', 'wc26-m085', 'match_winner', '1st Group B vs 3rd place', timestamptz '2026-05-01 00:00:00+00', timestamptz '2026-07-03T03:00:00Z', null, null),
('wc26-poll-wc26-m086', 'wc-2026', 'wc26-m086', 'match_winner', '1st Group J vs 2nd Group H', timestamptz '2026-05-01 00:00:00+00', timestamptz '2026-07-03T22:00:00Z', null, null),
('wc26-poll-wc26-m087', 'wc-2026', 'wc26-m087', 'match_winner', '1st Group K vs 3rd place', timestamptz '2026-05-01 00:00:00+00', timestamptz '2026-07-04T01:30:00Z', null, null),
('wc26-poll-wc26-m088', 'wc-2026', 'wc26-m088', 'match_winner', '2nd Group D vs 2nd Group G', timestamptz '2026-05-01 00:00:00+00', timestamptz '2026-07-03T18:00:00Z', null, null),
('wc26-poll-wc26-m089', 'wc-2026', 'wc26-m089', 'match_winner', 'Winner R32 M1 vs Winner R32 M3', timestamptz '2026-05-01 00:00:00+00', timestamptz '2026-07-04T17:00:00Z', null, null),
('wc26-poll-wc26-m090', 'wc-2026', 'wc26-m090', 'match_winner', 'Winner R32 M2 vs Winner R32 M5', timestamptz '2026-05-01 00:00:00+00', timestamptz '2026-07-04T21:00:00Z', null, null),
('wc26-poll-wc26-m091', 'wc-2026', 'wc26-m091', 'match_winner', 'Winner R32 M4 vs Winner R32 M6', timestamptz '2026-05-01 00:00:00+00', timestamptz '2026-07-05T20:00:00Z', null, null),
('wc26-poll-wc26-m092', 'wc-2026', 'wc26-m092', 'match_winner', 'Winner R32 M7 vs Winner R32 M8', timestamptz '2026-05-01 00:00:00+00', timestamptz '2026-07-06T00:00:00Z', null, null),
('wc26-poll-wc26-m093', 'wc-2026', 'wc26-m093', 'match_winner', 'Winner R32 M11 vs Winner R32 M12', timestamptz '2026-05-01 00:00:00+00', timestamptz '2026-07-06T19:00:00Z', null, null),
('wc26-poll-wc26-m094', 'wc-2026', 'wc26-m094', 'match_winner', 'Winner R32 M9 vs Winner R32 M10', timestamptz '2026-05-01 00:00:00+00', timestamptz '2026-07-07T00:00:00Z', null, null),
('wc26-poll-wc26-m095', 'wc-2026', 'wc26-m095', 'match_winner', 'Winner R32 M14 vs Winner R32 M16', timestamptz '2026-05-01 00:00:00+00', timestamptz '2026-07-07T16:00:00Z', null, null),
('wc26-poll-wc26-m096', 'wc-2026', 'wc26-m096', 'match_winner', 'Winner R32 M13 vs Winner R32 M15', timestamptz '2026-05-01 00:00:00+00', timestamptz '2026-07-07T20:00:00Z', null, null),
('wc26-poll-wc26-m097', 'wc-2026', 'wc26-m097', 'match_winner', 'Winner R16 M1 vs Winner R16 M2', timestamptz '2026-05-01 00:00:00+00', timestamptz '2026-07-09T20:00:00Z', null, null),
('wc26-poll-wc26-m098', 'wc-2026', 'wc26-m098', 'match_winner', 'Winner R16 M5 vs Winner R16 M6', timestamptz '2026-05-01 00:00:00+00', timestamptz '2026-07-10T19:00:00Z', null, null),
('wc26-poll-wc26-m099', 'wc-2026', 'wc26-m099', 'match_winner', 'Winner R16 M3 vs Winner R16 M4', timestamptz '2026-05-01 00:00:00+00', timestamptz '2026-07-11T21:00:00Z', null, null),
('wc26-poll-wc26-m100', 'wc-2026', 'wc26-m100', 'match_winner', 'Winner R16 M7 vs Winner R16 M8', timestamptz '2026-05-01 00:00:00+00', timestamptz '2026-07-12T01:00:00Z', null, null),
('wc26-poll-wc26-m101', 'wc-2026', 'wc26-m101', 'match_winner', 'Winner QF1 vs Winner QF2', timestamptz '2026-05-01 00:00:00+00', timestamptz '2026-07-14T19:00:00Z', null, null),
('wc26-poll-wc26-m102', 'wc-2026', 'wc26-m102', 'match_winner', 'Winner QF3 vs Winner QF4', timestamptz '2026-05-01 00:00:00+00', timestamptz '2026-07-15T19:00:00Z', null, null),
('wc26-poll-wc26-m103', 'wc-2026', 'wc26-m103', 'match_winner', '3rd place match', timestamptz '2026-05-01 00:00:00+00', timestamptz '2026-07-18T21:00:00Z', null, null),
('wc26-poll-wc26-m104', 'wc-2026', 'wc26-m104', 'match_winner', 'World Cup Final', timestamptz '2026-05-01 00:00:00+00', timestamptz '2026-07-19T19:00:00Z', null, null)
on conflict (id) do update set
  event_id = excluded.event_id,
  match_id = excluded.match_id,
  poll_type = excluded.poll_type,
  title = excluded.title,
  opens_at = excluded.opens_at,
  closes_at = excluded.closes_at,
  archived_at = coalesce(public.polls.archived_at, excluded.archived_at),
  winner_choice_id = coalesce(public.polls.winner_choice_id, excluded.winner_choice_id);

-- Knockout matches cannot end in a draw (extra time / pens) — no draw choice
delete from public.poll_choices pc
using public.polls p
join public.matches m on m.id = p.match_id
where pc.poll_id = p.id
  and pc.id = 'draw'
  and m.stage <> 'group'
  and p.event_id = 'wc-2026';

insert into public.poll_choices (poll_id, id, label, meta, sort_order)
values
  ('wc26-poll-wc26-m001', 'home', 'Mexico', '{"short": "MEX", "flag": "🇲🇽"}'::jsonb, 1),
  ('wc26-poll-wc26-m001', 'draw', 'Draw', '{"short": "DRAW"}'::jsonb, 2),
  ('wc26-poll-wc26-m001', 'away', 'South Africa', '{"short": "RSA", "flag": "🇿🇦"}'::jsonb, 3),
  ('wc26-poll-wc26-m002', 'home', 'South Korea', '{"short": "KOR", "flag": "🇰🇷"}'::jsonb, 1),
  ('wc26-poll-wc26-m002', 'draw', 'Draw', '{"short": "DRAW"}'::jsonb, 2),
  ('wc26-poll-wc26-m002', 'away', 'Czechia', '{"short": "CZE", "flag": "🇨🇿"}'::jsonb, 3),
  ('wc26-poll-wc26-m003', 'home', 'Czechia', '{"short": "CZE", "flag": "🇨🇿"}'::jsonb, 1),
  ('wc26-poll-wc26-m003', 'draw', 'Draw', '{"short": "DRAW"}'::jsonb, 2),
  ('wc26-poll-wc26-m003', 'away', 'South Africa', '{"short": "RSA", "flag": "🇿🇦"}'::jsonb, 3),
  ('wc26-poll-wc26-m004', 'home', 'Mexico', '{"short": "MEX", "flag": "🇲🇽"}'::jsonb, 1),
  ('wc26-poll-wc26-m004', 'draw', 'Draw', '{"short": "DRAW"}'::jsonb, 2),
  ('wc26-poll-wc26-m004', 'away', 'South Korea', '{"short": "KOR", "flag": "🇰🇷"}'::jsonb, 3),
  ('wc26-poll-wc26-m005', 'home', 'Czechia', '{"short": "CZE", "flag": "🇨🇿"}'::jsonb, 1),
  ('wc26-poll-wc26-m005', 'draw', 'Draw', '{"short": "DRAW"}'::jsonb, 2),
  ('wc26-poll-wc26-m005', 'away', 'Mexico', '{"short": "MEX", "flag": "🇲🇽"}'::jsonb, 3),
  ('wc26-poll-wc26-m006', 'home', 'South Africa', '{"short": "RSA", "flag": "🇿🇦"}'::jsonb, 1),
  ('wc26-poll-wc26-m006', 'draw', 'Draw', '{"short": "DRAW"}'::jsonb, 2),
  ('wc26-poll-wc26-m006', 'away', 'South Korea', '{"short": "KOR", "flag": "🇰🇷"}'::jsonb, 3),
  ('wc26-poll-wc26-m007', 'home', 'Canada', '{"short": "CAN", "flag": "🇨🇦"}'::jsonb, 1),
  ('wc26-poll-wc26-m007', 'draw', 'Draw', '{"short": "DRAW"}'::jsonb, 2),
  ('wc26-poll-wc26-m007', 'away', 'Bosnia and Herzegovina', '{"short": "BIH", "flag": "🇧🇦"}'::jsonb, 3),
  ('wc26-poll-wc26-m008', 'home', 'Qatar', '{"short": "QAT", "flag": "🇶🇦"}'::jsonb, 1),
  ('wc26-poll-wc26-m008', 'draw', 'Draw', '{"short": "DRAW"}'::jsonb, 2),
  ('wc26-poll-wc26-m008', 'away', 'Switzerland', '{"short": "SUI", "flag": "🇨🇭"}'::jsonb, 3),
  ('wc26-poll-wc26-m009', 'home', 'Bosnia and Herzegovina', '{"short": "BIH", "flag": "🇧🇦"}'::jsonb, 1),
  ('wc26-poll-wc26-m009', 'draw', 'Draw', '{"short": "DRAW"}'::jsonb, 2),
  ('wc26-poll-wc26-m009', 'away', 'Switzerland', '{"short": "SUI", "flag": "🇨🇭"}'::jsonb, 3),
  ('wc26-poll-wc26-m010', 'home', 'Canada', '{"short": "CAN", "flag": "🇨🇦"}'::jsonb, 1),
  ('wc26-poll-wc26-m010', 'draw', 'Draw', '{"short": "DRAW"}'::jsonb, 2),
  ('wc26-poll-wc26-m010', 'away', 'Qatar', '{"short": "QAT", "flag": "🇶🇦"}'::jsonb, 3),
  ('wc26-poll-wc26-m011', 'home', 'Switzerland', '{"short": "SUI", "flag": "🇨🇭"}'::jsonb, 1),
  ('wc26-poll-wc26-m011', 'draw', 'Draw', '{"short": "DRAW"}'::jsonb, 2),
  ('wc26-poll-wc26-m011', 'away', 'Canada', '{"short": "CAN", "flag": "🇨🇦"}'::jsonb, 3),
  ('wc26-poll-wc26-m012', 'home', 'Bosnia and Herzegovina', '{"short": "BIH", "flag": "🇧🇦"}'::jsonb, 1),
  ('wc26-poll-wc26-m012', 'draw', 'Draw', '{"short": "DRAW"}'::jsonb, 2),
  ('wc26-poll-wc26-m012', 'away', 'Qatar', '{"short": "QAT", "flag": "🇶🇦"}'::jsonb, 3),
  ('wc26-poll-wc26-m013', 'home', 'Brazil', '{"short": "BRA", "flag": "🇧🇷"}'::jsonb, 1),
  ('wc26-poll-wc26-m013', 'draw', 'Draw', '{"short": "DRAW"}'::jsonb, 2),
  ('wc26-poll-wc26-m013', 'away', 'Morocco', '{"short": "MAR", "flag": "🇲🇦"}'::jsonb, 3),
  ('wc26-poll-wc26-m014', 'home', 'Haiti', '{"short": "HTI", "flag": "🇭🇹"}'::jsonb, 1),
  ('wc26-poll-wc26-m014', 'draw', 'Draw', '{"short": "DRAW"}'::jsonb, 2),
  ('wc26-poll-wc26-m014', 'away', 'Scotland', '{"short": "SCO", "flag": "🏴"}'::jsonb, 3),
  ('wc26-poll-wc26-m015', 'home', 'Scotland', '{"short": "SCO", "flag": "🏴"}'::jsonb, 1),
  ('wc26-poll-wc26-m015', 'draw', 'Draw', '{"short": "DRAW"}'::jsonb, 2),
  ('wc26-poll-wc26-m015', 'away', 'Morocco', '{"short": "MAR", "flag": "🇲🇦"}'::jsonb, 3),
  ('wc26-poll-wc26-m016', 'home', 'Brazil', '{"short": "BRA", "flag": "🇧🇷"}'::jsonb, 1),
  ('wc26-poll-wc26-m016', 'draw', 'Draw', '{"short": "DRAW"}'::jsonb, 2),
  ('wc26-poll-wc26-m016', 'away', 'Haiti', '{"short": "HTI", "flag": "🇭🇹"}'::jsonb, 3),
  ('wc26-poll-wc26-m017', 'home', 'Scotland', '{"short": "SCO", "flag": "🏴"}'::jsonb, 1),
  ('wc26-poll-wc26-m017', 'draw', 'Draw', '{"short": "DRAW"}'::jsonb, 2),
  ('wc26-poll-wc26-m017', 'away', 'Brazil', '{"short": "BRA", "flag": "🇧🇷"}'::jsonb, 3),
  ('wc26-poll-wc26-m018', 'home', 'Morocco', '{"short": "MAR", "flag": "🇲🇦"}'::jsonb, 1),
  ('wc26-poll-wc26-m018', 'draw', 'Draw', '{"short": "DRAW"}'::jsonb, 2),
  ('wc26-poll-wc26-m018', 'away', 'Haiti', '{"short": "HTI", "flag": "🇭🇹"}'::jsonb, 3),
  ('wc26-poll-wc26-m019', 'home', 'United States', '{"short": "USA", "flag": "🇺🇸"}'::jsonb, 1),
  ('wc26-poll-wc26-m019', 'draw', 'Draw', '{"short": "DRAW"}'::jsonb, 2),
  ('wc26-poll-wc26-m019', 'away', 'Paraguay', '{"short": "PAR", "flag": "🇵🇾"}'::jsonb, 3),
  ('wc26-poll-wc26-m020', 'home', 'Australia', '{"short": "AUS", "flag": "🇦🇺"}'::jsonb, 1),
  ('wc26-poll-wc26-m020', 'draw', 'Draw', '{"short": "DRAW"}'::jsonb, 2),
  ('wc26-poll-wc26-m020', 'away', 'Türkiye', '{"short": "TUR", "flag": "🇹🇷"}'::jsonb, 3),
  ('wc26-poll-wc26-m021', 'home', 'Türkiye', '{"short": "TUR", "flag": "🇹🇷"}'::jsonb, 1),
  ('wc26-poll-wc26-m021', 'draw', 'Draw', '{"short": "DRAW"}'::jsonb, 2),
  ('wc26-poll-wc26-m021', 'away', 'Paraguay', '{"short": "PAR", "flag": "🇵🇾"}'::jsonb, 3),
  ('wc26-poll-wc26-m022', 'home', 'United States', '{"short": "USA", "flag": "🇺🇸"}'::jsonb, 1),
  ('wc26-poll-wc26-m022', 'draw', 'Draw', '{"short": "DRAW"}'::jsonb, 2),
  ('wc26-poll-wc26-m022', 'away', 'Australia', '{"short": "AUS", "flag": "🇦🇺"}'::jsonb, 3),
  ('wc26-poll-wc26-m023', 'home', 'Türkiye', '{"short": "TUR", "flag": "🇹🇷"}'::jsonb, 1),
  ('wc26-poll-wc26-m023', 'draw', 'Draw', '{"short": "DRAW"}'::jsonb, 2),
  ('wc26-poll-wc26-m023', 'away', 'United States', '{"short": "USA", "flag": "🇺🇸"}'::jsonb, 3),
  ('wc26-poll-wc26-m024', 'home', 'Paraguay', '{"short": "PAR", "flag": "🇵🇾"}'::jsonb, 1),
  ('wc26-poll-wc26-m024', 'draw', 'Draw', '{"short": "DRAW"}'::jsonb, 2),
  ('wc26-poll-wc26-m024', 'away', 'Australia', '{"short": "AUS", "flag": "🇦🇺"}'::jsonb, 3),
  ('wc26-poll-wc26-m025', 'home', 'Germany', '{"short": "GER", "flag": "🇩🇪"}'::jsonb, 1),
  ('wc26-poll-wc26-m025', 'draw', 'Draw', '{"short": "DRAW"}'::jsonb, 2),
  ('wc26-poll-wc26-m025', 'away', 'Curaçao', '{"short": "CUW", "flag": "🇨🇼"}'::jsonb, 3),
  ('wc26-poll-wc26-m026', 'home', 'Ivory Coast', '{"short": "CIV", "flag": "🇨🇮"}'::jsonb, 1),
  ('wc26-poll-wc26-m026', 'draw', 'Draw', '{"short": "DRAW"}'::jsonb, 2),
  ('wc26-poll-wc26-m026', 'away', 'Ecuador', '{"short": "ECU", "flag": "🇪🇨"}'::jsonb, 3),
  ('wc26-poll-wc26-m027', 'home', 'Germany', '{"short": "GER", "flag": "🇩🇪"}'::jsonb, 1),
  ('wc26-poll-wc26-m027', 'draw', 'Draw', '{"short": "DRAW"}'::jsonb, 2),
  ('wc26-poll-wc26-m027', 'away', 'Ivory Coast', '{"short": "CIV", "flag": "🇨🇮"}'::jsonb, 3),
  ('wc26-poll-wc26-m028', 'home', 'Ecuador', '{"short": "ECU", "flag": "🇪🇨"}'::jsonb, 1),
  ('wc26-poll-wc26-m028', 'draw', 'Draw', '{"short": "DRAW"}'::jsonb, 2),
  ('wc26-poll-wc26-m028', 'away', 'Curaçao', '{"short": "CUW", "flag": "🇨🇼"}'::jsonb, 3),
  ('wc26-poll-wc26-m029', 'home', 'Ecuador', '{"short": "ECU", "flag": "🇪🇨"}'::jsonb, 1),
  ('wc26-poll-wc26-m029', 'draw', 'Draw', '{"short": "DRAW"}'::jsonb, 2),
  ('wc26-poll-wc26-m029', 'away', 'Germany', '{"short": "GER", "flag": "🇩🇪"}'::jsonb, 3),
  ('wc26-poll-wc26-m030', 'home', 'Curaçao', '{"short": "CUW", "flag": "🇨🇼"}'::jsonb, 1),
  ('wc26-poll-wc26-m030', 'draw', 'Draw', '{"short": "DRAW"}'::jsonb, 2),
  ('wc26-poll-wc26-m030', 'away', 'Ivory Coast', '{"short": "CIV", "flag": "🇨🇮"}'::jsonb, 3),
  ('wc26-poll-wc26-m031', 'home', 'Netherlands', '{"short": "NED", "flag": "🇳🇱"}'::jsonb, 1),
  ('wc26-poll-wc26-m031', 'draw', 'Draw', '{"short": "DRAW"}'::jsonb, 2),
  ('wc26-poll-wc26-m031', 'away', 'Japan', '{"short": "JPN", "flag": "🇯🇵"}'::jsonb, 3),
  ('wc26-poll-wc26-m032', 'home', 'Sweden', '{"short": "SWE", "flag": "🇸🇪"}'::jsonb, 1),
  ('wc26-poll-wc26-m032', 'draw', 'Draw', '{"short": "DRAW"}'::jsonb, 2),
  ('wc26-poll-wc26-m032', 'away', 'Tunisia', '{"short": "TUN", "flag": "🇹🇳"}'::jsonb, 3),
  ('wc26-poll-wc26-m033', 'home', 'Tunisia', '{"short": "TUN", "flag": "🇹🇳"}'::jsonb, 1),
  ('wc26-poll-wc26-m033', 'draw', 'Draw', '{"short": "DRAW"}'::jsonb, 2),
  ('wc26-poll-wc26-m033', 'away', 'Japan', '{"short": "JPN", "flag": "🇯🇵"}'::jsonb, 3),
  ('wc26-poll-wc26-m034', 'home', 'Netherlands', '{"short": "NED", "flag": "🇳🇱"}'::jsonb, 1),
  ('wc26-poll-wc26-m034', 'draw', 'Draw', '{"short": "DRAW"}'::jsonb, 2),
  ('wc26-poll-wc26-m034', 'away', 'Sweden', '{"short": "SWE", "flag": "🇸🇪"}'::jsonb, 3),
  ('wc26-poll-wc26-m035', 'home', 'Tunisia', '{"short": "TUN", "flag": "🇹🇳"}'::jsonb, 1),
  ('wc26-poll-wc26-m035', 'draw', 'Draw', '{"short": "DRAW"}'::jsonb, 2),
  ('wc26-poll-wc26-m035', 'away', 'Netherlands', '{"short": "NED", "flag": "🇳🇱"}'::jsonb, 3),
  ('wc26-poll-wc26-m036', 'home', 'Japan', '{"short": "JPN", "flag": "🇯🇵"}'::jsonb, 1),
  ('wc26-poll-wc26-m036', 'draw', 'Draw', '{"short": "DRAW"}'::jsonb, 2),
  ('wc26-poll-wc26-m036', 'away', 'Sweden', '{"short": "SWE", "flag": "🇸🇪"}'::jsonb, 3),
  ('wc26-poll-wc26-m037', 'home', 'Belgium', '{"short": "BEL", "flag": "🇧🇪"}'::jsonb, 1),
  ('wc26-poll-wc26-m037', 'draw', 'Draw', '{"short": "DRAW"}'::jsonb, 2),
  ('wc26-poll-wc26-m037', 'away', 'Egypt', '{"short": "EGY", "flag": "🇪🇬"}'::jsonb, 3),
  ('wc26-poll-wc26-m038', 'home', 'Iran', '{"short": "IRN", "flag": "🇮🇷"}'::jsonb, 1),
  ('wc26-poll-wc26-m038', 'draw', 'Draw', '{"short": "DRAW"}'::jsonb, 2),
  ('wc26-poll-wc26-m038', 'away', 'New Zealand', '{"short": "NZL", "flag": "🇳🇿"}'::jsonb, 3),
  ('wc26-poll-wc26-m039', 'home', 'Belgium', '{"short": "BEL", "flag": "🇧🇪"}'::jsonb, 1),
  ('wc26-poll-wc26-m039', 'draw', 'Draw', '{"short": "DRAW"}'::jsonb, 2),
  ('wc26-poll-wc26-m039', 'away', 'Iran', '{"short": "IRN", "flag": "🇮🇷"}'::jsonb, 3),
  ('wc26-poll-wc26-m040', 'home', 'New Zealand', '{"short": "NZL", "flag": "🇳🇿"}'::jsonb, 1),
  ('wc26-poll-wc26-m040', 'draw', 'Draw', '{"short": "DRAW"}'::jsonb, 2),
  ('wc26-poll-wc26-m040', 'away', 'Egypt', '{"short": "EGY", "flag": "🇪🇬"}'::jsonb, 3),
  ('wc26-poll-wc26-m041', 'home', 'New Zealand', '{"short": "NZL", "flag": "🇳🇿"}'::jsonb, 1),
  ('wc26-poll-wc26-m041', 'draw', 'Draw', '{"short": "DRAW"}'::jsonb, 2),
  ('wc26-poll-wc26-m041', 'away', 'Belgium', '{"short": "BEL", "flag": "🇧🇪"}'::jsonb, 3),
  ('wc26-poll-wc26-m042', 'home', 'Egypt', '{"short": "EGY", "flag": "🇪🇬"}'::jsonb, 1),
  ('wc26-poll-wc26-m042', 'draw', 'Draw', '{"short": "DRAW"}'::jsonb, 2),
  ('wc26-poll-wc26-m042', 'away', 'Iran', '{"short": "IRN", "flag": "🇮🇷"}'::jsonb, 3),
  ('wc26-poll-wc26-m043', 'home', 'Spain', '{"short": "ESP", "flag": "🇪🇸"}'::jsonb, 1),
  ('wc26-poll-wc26-m043', 'draw', 'Draw', '{"short": "DRAW"}'::jsonb, 2),
  ('wc26-poll-wc26-m043', 'away', 'Cape Verde', '{"short": "CPV", "flag": "🇨🇻"}'::jsonb, 3),
  ('wc26-poll-wc26-m044', 'home', 'Saudi Arabia', '{"short": "KSA", "flag": "🇸🇦"}'::jsonb, 1),
  ('wc26-poll-wc26-m044', 'draw', 'Draw', '{"short": "DRAW"}'::jsonb, 2),
  ('wc26-poll-wc26-m044', 'away', 'Uruguay', '{"short": "URU", "flag": "🇺🇾"}'::jsonb, 3),
  ('wc26-poll-wc26-m045', 'home', 'Spain', '{"short": "ESP", "flag": "🇪🇸"}'::jsonb, 1),
  ('wc26-poll-wc26-m045', 'draw', 'Draw', '{"short": "DRAW"}'::jsonb, 2),
  ('wc26-poll-wc26-m045', 'away', 'Saudi Arabia', '{"short": "KSA", "flag": "🇸🇦"}'::jsonb, 3),
  ('wc26-poll-wc26-m046', 'home', 'Uruguay', '{"short": "URU", "flag": "🇺🇾"}'::jsonb, 1),
  ('wc26-poll-wc26-m046', 'draw', 'Draw', '{"short": "DRAW"}'::jsonb, 2),
  ('wc26-poll-wc26-m046', 'away', 'Cape Verde', '{"short": "CPV", "flag": "🇨🇻"}'::jsonb, 3),
  ('wc26-poll-wc26-m047', 'home', 'Uruguay', '{"short": "URU", "flag": "🇺🇾"}'::jsonb, 1),
  ('wc26-poll-wc26-m047', 'draw', 'Draw', '{"short": "DRAW"}'::jsonb, 2),
  ('wc26-poll-wc26-m047', 'away', 'Spain', '{"short": "ESP", "flag": "🇪🇸"}'::jsonb, 3),
  ('wc26-poll-wc26-m048', 'home', 'Cape Verde', '{"short": "CPV", "flag": "🇨🇻"}'::jsonb, 1),
  ('wc26-poll-wc26-m048', 'draw', 'Draw', '{"short": "DRAW"}'::jsonb, 2),
  ('wc26-poll-wc26-m048', 'away', 'Saudi Arabia', '{"short": "KSA", "flag": "🇸🇦"}'::jsonb, 3),
  ('wc26-poll-wc26-m049', 'home', 'France', '{"short": "FRA", "flag": "🇫🇷"}'::jsonb, 1),
  ('wc26-poll-wc26-m049', 'draw', 'Draw', '{"short": "DRAW"}'::jsonb, 2),
  ('wc26-poll-wc26-m049', 'away', 'Senegal', '{"short": "SEN", "flag": "🇸🇳"}'::jsonb, 3),
  ('wc26-poll-wc26-m050', 'home', 'Iraq', '{"short": "IRQ", "flag": "🇮🇶"}'::jsonb, 1),
  ('wc26-poll-wc26-m050', 'draw', 'Draw', '{"short": "DRAW"}'::jsonb, 2),
  ('wc26-poll-wc26-m050', 'away', 'Norway', '{"short": "NOR", "flag": "🇳🇴"}'::jsonb, 3),
  ('wc26-poll-wc26-m051', 'home', 'France', '{"short": "FRA", "flag": "🇫🇷"}'::jsonb, 1),
  ('wc26-poll-wc26-m051', 'draw', 'Draw', '{"short": "DRAW"}'::jsonb, 2),
  ('wc26-poll-wc26-m051', 'away', 'Iraq', '{"short": "IRQ", "flag": "🇮🇶"}'::jsonb, 3),
  ('wc26-poll-wc26-m052', 'home', 'Norway', '{"short": "NOR", "flag": "🇳🇴"}'::jsonb, 1),
  ('wc26-poll-wc26-m052', 'draw', 'Draw', '{"short": "DRAW"}'::jsonb, 2),
  ('wc26-poll-wc26-m052', 'away', 'Senegal', '{"short": "SEN", "flag": "🇸🇳"}'::jsonb, 3),
  ('wc26-poll-wc26-m053', 'home', 'Norway', '{"short": "NOR", "flag": "🇳🇴"}'::jsonb, 1),
  ('wc26-poll-wc26-m053', 'draw', 'Draw', '{"short": "DRAW"}'::jsonb, 2),
  ('wc26-poll-wc26-m053', 'away', 'France', '{"short": "FRA", "flag": "🇫🇷"}'::jsonb, 3),
  ('wc26-poll-wc26-m054', 'home', 'Senegal', '{"short": "SEN", "flag": "🇸🇳"}'::jsonb, 1),
  ('wc26-poll-wc26-m054', 'draw', 'Draw', '{"short": "DRAW"}'::jsonb, 2),
  ('wc26-poll-wc26-m054', 'away', 'Iraq', '{"short": "IRQ", "flag": "🇮🇶"}'::jsonb, 3),
  ('wc26-poll-wc26-m055', 'home', 'Argentina', '{"short": "ARG", "flag": "🇦🇷"}'::jsonb, 1),
  ('wc26-poll-wc26-m055', 'draw', 'Draw', '{"short": "DRAW"}'::jsonb, 2),
  ('wc26-poll-wc26-m055', 'away', 'Algeria', '{"short": "ALG", "flag": "🇩🇿"}'::jsonb, 3),
  ('wc26-poll-wc26-m056', 'home', 'Austria', '{"short": "AUT", "flag": "🇦🇹"}'::jsonb, 1),
  ('wc26-poll-wc26-m056', 'draw', 'Draw', '{"short": "DRAW"}'::jsonb, 2),
  ('wc26-poll-wc26-m056', 'away', 'Jordan', '{"short": "JOR", "flag": "🇯🇴"}'::jsonb, 3),
  ('wc26-poll-wc26-m057', 'home', 'Argentina', '{"short": "ARG", "flag": "🇦🇷"}'::jsonb, 1),
  ('wc26-poll-wc26-m057', 'draw', 'Draw', '{"short": "DRAW"}'::jsonb, 2),
  ('wc26-poll-wc26-m057', 'away', 'Austria', '{"short": "AUT", "flag": "🇦🇹"}'::jsonb, 3),
  ('wc26-poll-wc26-m058', 'home', 'Jordan', '{"short": "JOR", "flag": "🇯🇴"}'::jsonb, 1),
  ('wc26-poll-wc26-m058', 'draw', 'Draw', '{"short": "DRAW"}'::jsonb, 2),
  ('wc26-poll-wc26-m058', 'away', 'Algeria', '{"short": "ALG", "flag": "🇩🇿"}'::jsonb, 3),
  ('wc26-poll-wc26-m059', 'home', 'Jordan', '{"short": "JOR", "flag": "🇯🇴"}'::jsonb, 1),
  ('wc26-poll-wc26-m059', 'draw', 'Draw', '{"short": "DRAW"}'::jsonb, 2),
  ('wc26-poll-wc26-m059', 'away', 'Argentina', '{"short": "ARG", "flag": "🇦🇷"}'::jsonb, 3),
  ('wc26-poll-wc26-m060', 'home', 'Algeria', '{"short": "ALG", "flag": "🇩🇿"}'::jsonb, 1),
  ('wc26-poll-wc26-m060', 'draw', 'Draw', '{"short": "DRAW"}'::jsonb, 2),
  ('wc26-poll-wc26-m060', 'away', 'Austria', '{"short": "AUT", "flag": "🇦🇹"}'::jsonb, 3),
  ('wc26-poll-wc26-m061', 'home', 'Portugal', '{"short": "POR", "flag": "🇵🇹"}'::jsonb, 1),
  ('wc26-poll-wc26-m061', 'draw', 'Draw', '{"short": "DRAW"}'::jsonb, 2),
  ('wc26-poll-wc26-m061', 'away', 'DR Congo', '{"short": "COD", "flag": "🇨🇩"}'::jsonb, 3),
  ('wc26-poll-wc26-m062', 'home', 'Uzbekistan', '{"short": "UZB", "flag": "🇺🇿"}'::jsonb, 1),
  ('wc26-poll-wc26-m062', 'draw', 'Draw', '{"short": "DRAW"}'::jsonb, 2),
  ('wc26-poll-wc26-m062', 'away', 'Colombia', '{"short": "COL", "flag": "🇨🇴"}'::jsonb, 3),
  ('wc26-poll-wc26-m063', 'home', 'Portugal', '{"short": "POR", "flag": "🇵🇹"}'::jsonb, 1),
  ('wc26-poll-wc26-m063', 'draw', 'Draw', '{"short": "DRAW"}'::jsonb, 2),
  ('wc26-poll-wc26-m063', 'away', 'Uzbekistan', '{"short": "UZB", "flag": "🇺🇿"}'::jsonb, 3),
  ('wc26-poll-wc26-m064', 'home', 'Colombia', '{"short": "COL", "flag": "🇨🇴"}'::jsonb, 1),
  ('wc26-poll-wc26-m064', 'draw', 'Draw', '{"short": "DRAW"}'::jsonb, 2),
  ('wc26-poll-wc26-m064', 'away', 'DR Congo', '{"short": "COD", "flag": "🇨🇩"}'::jsonb, 3),
  ('wc26-poll-wc26-m065', 'home', 'Colombia', '{"short": "COL", "flag": "🇨🇴"}'::jsonb, 1),
  ('wc26-poll-wc26-m065', 'draw', 'Draw', '{"short": "DRAW"}'::jsonb, 2),
  ('wc26-poll-wc26-m065', 'away', 'Portugal', '{"short": "POR", "flag": "🇵🇹"}'::jsonb, 3),
  ('wc26-poll-wc26-m066', 'home', 'DR Congo', '{"short": "COD", "flag": "🇨🇩"}'::jsonb, 1),
  ('wc26-poll-wc26-m066', 'draw', 'Draw', '{"short": "DRAW"}'::jsonb, 2),
  ('wc26-poll-wc26-m066', 'away', 'Uzbekistan', '{"short": "UZB", "flag": "🇺🇿"}'::jsonb, 3),
  ('wc26-poll-wc26-m067', 'home', 'England', '{"short": "ENG", "flag": "🏴"}'::jsonb, 1),
  ('wc26-poll-wc26-m067', 'draw', 'Draw', '{"short": "DRAW"}'::jsonb, 2),
  ('wc26-poll-wc26-m067', 'away', 'Croatia', '{"short": "CRO", "flag": "🇭🇷"}'::jsonb, 3),
  ('wc26-poll-wc26-m068', 'home', 'Ghana', '{"short": "GHA", "flag": "🇬🇭"}'::jsonb, 1),
  ('wc26-poll-wc26-m068', 'draw', 'Draw', '{"short": "DRAW"}'::jsonb, 2),
  ('wc26-poll-wc26-m068', 'away', 'Panama', '{"short": "PAN", "flag": "🇵🇦"}'::jsonb, 3),
  ('wc26-poll-wc26-m069', 'home', 'England', '{"short": "ENG", "flag": "🏴"}'::jsonb, 1),
  ('wc26-poll-wc26-m069', 'draw', 'Draw', '{"short": "DRAW"}'::jsonb, 2),
  ('wc26-poll-wc26-m069', 'away', 'Ghana', '{"short": "GHA", "flag": "🇬🇭"}'::jsonb, 3),
  ('wc26-poll-wc26-m070', 'home', 'Panama', '{"short": "PAN", "flag": "🇵🇦"}'::jsonb, 1),
  ('wc26-poll-wc26-m070', 'draw', 'Draw', '{"short": "DRAW"}'::jsonb, 2),
  ('wc26-poll-wc26-m070', 'away', 'Croatia', '{"short": "CRO", "flag": "🇭🇷"}'::jsonb, 3),
  ('wc26-poll-wc26-m071', 'home', 'Panama', '{"short": "PAN", "flag": "🇵🇦"}'::jsonb, 1),
  ('wc26-poll-wc26-m071', 'draw', 'Draw', '{"short": "DRAW"}'::jsonb, 2),
  ('wc26-poll-wc26-m071', 'away', 'England', '{"short": "ENG", "flag": "🏴"}'::jsonb, 3),
  ('wc26-poll-wc26-m072', 'home', 'Croatia', '{"short": "CRO", "flag": "🇭🇷"}'::jsonb, 1),
  ('wc26-poll-wc26-m072', 'draw', 'Draw', '{"short": "DRAW"}'::jsonb, 2),
  ('wc26-poll-wc26-m072', 'away', 'Ghana', '{"short": "GHA", "flag": "🇬🇭"}'::jsonb, 3),
  ('wc26-poll-wc26-m073', 'home', '2nd Group A', '{"slot": true, "label": "2nd Group A"}'::jsonb, 1),
  ('wc26-poll-wc26-m073', 'away', '2nd Group B', '{"slot": true, "label": "2nd Group B"}'::jsonb, 2),
  ('wc26-poll-wc26-m074', 'home', '1st Group E', '{"slot": true, "label": "1st Group E"}'::jsonb, 1),
  ('wc26-poll-wc26-m074', 'away', '3rd place', '{"slot": true, "label": "3rd place"}'::jsonb, 2),
  ('wc26-poll-wc26-m075', 'home', '1st Group F', '{"slot": true, "label": "1st Group F"}'::jsonb, 1),
  ('wc26-poll-wc26-m075', 'away', '2nd Group C', '{"slot": true, "label": "2nd Group C"}'::jsonb, 2),
  ('wc26-poll-wc26-m076', 'home', '1st Group C', '{"slot": true, "label": "1st Group C"}'::jsonb, 1),
  ('wc26-poll-wc26-m076', 'away', '2nd Group F', '{"slot": true, "label": "2nd Group F"}'::jsonb, 2),
  ('wc26-poll-wc26-m077', 'home', '1st Group I', '{"slot": true, "label": "1st Group I"}'::jsonb, 1),
  ('wc26-poll-wc26-m077', 'away', '3rd place', '{"slot": true, "label": "3rd place"}'::jsonb, 2),
  ('wc26-poll-wc26-m078', 'home', '2nd Group E', '{"slot": true, "label": "2nd Group E"}'::jsonb, 1),
  ('wc26-poll-wc26-m078', 'away', '2nd Group I', '{"slot": true, "label": "2nd Group I"}'::jsonb, 2),
  ('wc26-poll-wc26-m079', 'home', '1st Group A', '{"slot": true, "label": "1st Group A"}'::jsonb, 1),
  ('wc26-poll-wc26-m079', 'away', '3rd place', '{"slot": true, "label": "3rd place"}'::jsonb, 2),
  ('wc26-poll-wc26-m080', 'home', '1st Group L', '{"slot": true, "label": "1st Group L"}'::jsonb, 1),
  ('wc26-poll-wc26-m080', 'away', '3rd place', '{"slot": true, "label": "3rd place"}'::jsonb, 2),
  ('wc26-poll-wc26-m081', 'home', '1st Group D', '{"slot": true, "label": "1st Group D"}'::jsonb, 1),
  ('wc26-poll-wc26-m081', 'away', '3rd place', '{"slot": true, "label": "3rd place"}'::jsonb, 2),
  ('wc26-poll-wc26-m082', 'home', '1st Group G', '{"slot": true, "label": "1st Group G"}'::jsonb, 1),
  ('wc26-poll-wc26-m082', 'away', '3rd place', '{"slot": true, "label": "3rd place"}'::jsonb, 2),
  ('wc26-poll-wc26-m083', 'home', '2nd Group K', '{"slot": true, "label": "2nd Group K"}'::jsonb, 1),
  ('wc26-poll-wc26-m083', 'away', '2nd Group L', '{"slot": true, "label": "2nd Group L"}'::jsonb, 2),
  ('wc26-poll-wc26-m084', 'home', '1st Group H', '{"slot": true, "label": "1st Group H"}'::jsonb, 1),
  ('wc26-poll-wc26-m084', 'away', '2nd Group J', '{"slot": true, "label": "2nd Group J"}'::jsonb, 2),
  ('wc26-poll-wc26-m085', 'home', '1st Group B', '{"slot": true, "label": "1st Group B"}'::jsonb, 1),
  ('wc26-poll-wc26-m085', 'away', '3rd place', '{"slot": true, "label": "3rd place"}'::jsonb, 2),
  ('wc26-poll-wc26-m086', 'home', '1st Group J', '{"slot": true, "label": "1st Group J"}'::jsonb, 1),
  ('wc26-poll-wc26-m086', 'away', '2nd Group H', '{"slot": true, "label": "2nd Group H"}'::jsonb, 2),
  ('wc26-poll-wc26-m087', 'home', '1st Group K', '{"slot": true, "label": "1st Group K"}'::jsonb, 1),
  ('wc26-poll-wc26-m087', 'away', '3rd place', '{"slot": true, "label": "3rd place"}'::jsonb, 2),
  ('wc26-poll-wc26-m088', 'home', '2nd Group D', '{"slot": true, "label": "2nd Group D"}'::jsonb, 1),
  ('wc26-poll-wc26-m088', 'away', '2nd Group G', '{"slot": true, "label": "2nd Group G"}'::jsonb, 2),
  ('wc26-poll-wc26-m089', 'home', 'Winner R32 M1', '{"slot": true, "label": "Winner R32 M1"}'::jsonb, 1),
  ('wc26-poll-wc26-m089', 'away', 'Winner R32 M3', '{"slot": true, "label": "Winner R32 M3"}'::jsonb, 2),
  ('wc26-poll-wc26-m090', 'home', 'Winner R32 M2', '{"slot": true, "label": "Winner R32 M2"}'::jsonb, 1),
  ('wc26-poll-wc26-m090', 'away', 'Winner R32 M5', '{"slot": true, "label": "Winner R32 M5"}'::jsonb, 2),
  ('wc26-poll-wc26-m091', 'home', 'Winner R32 M4', '{"slot": true, "label": "Winner R32 M4"}'::jsonb, 1),
  ('wc26-poll-wc26-m091', 'away', 'Winner R32 M6', '{"slot": true, "label": "Winner R32 M6"}'::jsonb, 2),
  ('wc26-poll-wc26-m092', 'home', 'Winner R32 M7', '{"slot": true, "label": "Winner R32 M7"}'::jsonb, 1),
  ('wc26-poll-wc26-m092', 'away', 'Winner R32 M8', '{"slot": true, "label": "Winner R32 M8"}'::jsonb, 2),
  ('wc26-poll-wc26-m093', 'home', 'Winner R32 M11', '{"slot": true, "label": "Winner R32 M11"}'::jsonb, 1),
  ('wc26-poll-wc26-m093', 'away', 'Winner R32 M12', '{"slot": true, "label": "Winner R32 M12"}'::jsonb, 2),
  ('wc26-poll-wc26-m094', 'home', 'Winner R32 M9', '{"slot": true, "label": "Winner R32 M9"}'::jsonb, 1),
  ('wc26-poll-wc26-m094', 'away', 'Winner R32 M10', '{"slot": true, "label": "Winner R32 M10"}'::jsonb, 2),
  ('wc26-poll-wc26-m095', 'home', 'Winner R32 M14', '{"slot": true, "label": "Winner R32 M14"}'::jsonb, 1),
  ('wc26-poll-wc26-m095', 'away', 'Winner R32 M16', '{"slot": true, "label": "Winner R32 M16"}'::jsonb, 2),
  ('wc26-poll-wc26-m096', 'home', 'Winner R32 M13', '{"slot": true, "label": "Winner R32 M13"}'::jsonb, 1),
  ('wc26-poll-wc26-m096', 'away', 'Winner R32 M15', '{"slot": true, "label": "Winner R32 M15"}'::jsonb, 2),
  ('wc26-poll-wc26-m097', 'home', 'Winner R16 M1', '{"slot": true, "label": "Winner R16 M1"}'::jsonb, 1),
  ('wc26-poll-wc26-m097', 'away', 'Winner R16 M2', '{"slot": true, "label": "Winner R16 M2"}'::jsonb, 2),
  ('wc26-poll-wc26-m098', 'home', 'Winner R16 M5', '{"slot": true, "label": "Winner R16 M5"}'::jsonb, 1),
  ('wc26-poll-wc26-m098', 'away', 'Winner R16 M6', '{"slot": true, "label": "Winner R16 M6"}'::jsonb, 2),
  ('wc26-poll-wc26-m099', 'home', 'Winner R16 M3', '{"slot": true, "label": "Winner R16 M3"}'::jsonb, 1),
  ('wc26-poll-wc26-m099', 'away', 'Winner R16 M4', '{"slot": true, "label": "Winner R16 M4"}'::jsonb, 2),
  ('wc26-poll-wc26-m100', 'home', 'Winner R16 M7', '{"slot": true, "label": "Winner R16 M7"}'::jsonb, 1),
  ('wc26-poll-wc26-m100', 'away', 'Winner R16 M8', '{"slot": true, "label": "Winner R16 M8"}'::jsonb, 2),
  ('wc26-poll-wc26-m101', 'home', 'Winner QF1', '{"slot": true, "label": "Winner QF1"}'::jsonb, 1),
  ('wc26-poll-wc26-m101', 'away', 'Winner QF2', '{"slot": true, "label": "Winner QF2"}'::jsonb, 2),
  ('wc26-poll-wc26-m102', 'home', 'Winner QF3', '{"slot": true, "label": "Winner QF3"}'::jsonb, 1),
  ('wc26-poll-wc26-m102', 'away', 'Winner QF4', '{"slot": true, "label": "Winner QF4"}'::jsonb, 2),
  ('wc26-poll-wc26-m103', 'home', 'Loser SF1', '{"slot": true, "label": "Loser SF1"}'::jsonb, 1),
  ('wc26-poll-wc26-m103', 'away', 'Loser SF2', '{"slot": true, "label": "Loser SF2"}'::jsonb, 2),
  ('wc26-poll-wc26-m104', 'home', 'Winner SF1', '{"slot": true, "label": "Winner SF1"}'::jsonb, 1),
  ('wc26-poll-wc26-m104', 'away', 'Winner SF2', '{"slot": true, "label": "Winner SF2"}'::jsonb, 2)
on conflict (poll_id, id) do update set
  label = excluded.label,
  meta = excluded.meta,
  sort_order = excluded.sort_order;

commit;

-- Verification
select 'events' as entity, count(*)::text as n from public.events where id = 'wc-2026'
union all select 'matches', count(*)::text from public.matches where event_id = 'wc-2026'
union all select 'polls', count(*)::text from public.polls where event_id = 'wc-2026'
union all select 'poll_choices', count(*)::text from public.poll_choices pc
  join public.polls p on p.id = pc.poll_id where p.event_id = 'wc-2026'
union all select 'draw_choices_group_only',
  case when count(*) = 0 then 'ok' else count(*)::text || ' draw in knockout' end
  from public.poll_choices pc
  join public.polls p on p.id = pc.poll_id
  join public.matches m on m.id = p.match_id
  where p.event_id = 'wc-2026' and pc.id = 'draw' and m.stage <> 'group'
union all select 'featured', slug from public.events where is_featured = true;
